FQ,QX,dQX,QY,dQY,A,dA,phi,dphi
3847.6000000000004,-5.75e-08,1.1871710070583764e-08,-1.8749999999999995e-07,9.921567416492213e-09,1.9611858657455184e-07,1.0103999946413649e-08,-1.8683580515327025,0.059743615388300746
3924.8493509941204,-6e-08,1.1510864433221336e-08,-1.8749999999999998e-07,8.569568250501305e-09,1.9686607122610028e-07,8.88390183991844e-09,-1.8804992713373527,0.057247240881819234
3995.9109560021216,-8.5e-08,1.0665364503850771e-08,-2.0749999999999997e-07,8.120190884455856e-09,2.2423480996491155e-07,8.532746394432257e-09,-1.959584088084936,0.04610464255635262
4061.280459322578,-9.249999999999996e-08,1.0767427733679013e-08,-1.7749999999999994e-07,5.5621488653217465e-09,2.0015618901248088e-07,7.006508841544829e-09,-2.05120214337794,0.049404272328055714
4121.413803677549,-6.75e-08,1.3818013605435476e-08,-1.8999999999999993e-07,5.700877125495689e-09,2.0163395051429204e-07,7.089126656813323e-09,-1.9121522120487435,0.0652660673070998
4176.730410346367,-6.25e-08,1.1659223816361018e-08,-2.0249999999999997e-07,9.6663074645906e-09,2.1192569452522736e-07,9.855654397423198e-09,-1.8701625608522487,0.05426247174296485
4227.61610456769,-6e-08,1.3964240043768941e-08,-1.8749999999999995e-07,1.1110243021644486e-08,1.9686607122610026e-07,1.1405473026104694e-08,-1.880499271337353,0.06971320243075009
4274.425806614104,-8.249999999999999e-08,1.552216157627538e-08,-1.6499999999999998e-07,1.2796483892069728e-08,1.8447560814373262e-07,1.3386093530227554e-08,-2.0344439357957027,0.08140185886245244
4317.486007309093,-6.500000000000001e-08,1.4620191517213446e-08,-1.9499999999999999e-07,8.587782018658833e-09,2.0554804791094465e-07,9.367496997597596e-09,-1.892546881191539,0.06875907686180475
4357.097045252772,-6.250000000000001e-08,1.4947825928876744e-08,-1.7500000000000002e-07,1.1456439237389599e-08,1.8582585934148134e-07,1.1902875712458914e-08,-1.9138202672156,0.07854035820360951
4393.535201639676,-6.750000000000002e-08,1.7056890103415685e-08,-1.8749999999999995e-07,6.9597054535375276e-09,1.992799538337963e-07,8.73268217447194e-09,-1.9163519073766089,0.08139718882815207
4427.054627279681,-6.499999999999999e-08,1.5041608956491323e-08,-1.825e-07,1.0767427733679015e-08,1.937298376605937e-07,1.1329417159428651e-08,-1.9129522118780768,0.07548134639780531
4457.889115262711,-4e-08,1.1510864433221336e-08,-1.5999999999999995e-07,1.604680653588121e-08,1.6492422502470639e-07,1.581603802548316e-08,-1.8157749899217608,0.07170531534785235
4486.253731631343,-3.75e-08,1.0532687216470445e-08,-1.8249999999999995e-07,1.0170422803403996e-08,1.8631290883886704e-07,1.0185349040353044e-08,-1.7734549959423729,0.05645477791666405
4512.346315434988,-6.999999999999999e-08,1.2449899597988732e-08,-1.8999999999999995e-07,1.1510864433221336e-08,2.024845673131658e-07,1.1627081507852427e-08,-1.923786714621807,0.060949994619691264
4536.348858628315,-2e-08,1.1401754250991376e-08,-1.9249999999999998e-07,1.0767427733679015e-08,1.9353617232961902e-07,1.077439906465345e-08,-1.674321001305441,0.058878743918742746
4558.428775438509,-6.000000000000001e-08,1.5247950681976904e-08,-1.7749999999999994e-07,9.6663074645906e-09,1.8736661922551726e-07,1.0377754154389296e-08,-1.8967662654345425,0.07884509413016114
4578.740070055015,-7.5e-08,1.3919410907075055e-08,-1.85e-07,1.4620191517213446e-08,1.996246477767713e-07,1.4523323084795195e-08,-1.9559538331583708,0.07023407477206453
4597.4244107862305,-6.749999999999999e-08,1.288167302798825e-08,-2e-07,7.905694150420946e-09,2.1108351427811694e-07,8.548529189956853e-09,-1.8962921820313745,0.05904940121866532
4614.612118175223,-8e-08,1.4317821063276351e-08,-1.9249999999999998e-07,1.2881673027988249e-08,2.0846162716432969e-07,1.3103068816575315e-08,-1.9646649375312581,0.06771265888213686
4630.423073966459,-7.749999999999999e-08,1.2487493743742177e-08,-1.8749999999999998e-07,6.9597054535375276e-09,2.0288543565273478e-07,8.007710327473995e-09,-1.9627438522634093,0.058371788757200574
4644.96755726343,-8.249999999999998e-08,1.3358050007392545e-08,-1.9499999999999996e-07,7.826237921249264e-09,2.1173391320239652e-07,8.890518930337536e-09,-1.9710369838288708,0.05986111033771672
4658.3470137092645,-4.7499999999999995e-08,9.6663074645906e-09,-1.825e-07,1.0767427733679015e-08,1.885802216564611e-07,1.0700934333334025e-08,-1.825420992989438,0.05164840018140315
4670.654763055249,-6.499999999999999e-08,1.624038176891171e-08,-2.0249999999999997e-07,8.272696053887147e-09,2.1267639737403863e-07,9.31028571702564e-09,-1.8813949271659245,0.07367358966306829
4681.976650052441,-7.5e-08,1.3462912017836257e-08,-1.9750000000000001e-07,1.1976539567003483e-08,2.1126109438323e-07,1.2173870134827932e-08,-1.9337220978066294,0.06288305302254851
4692.391643206247,-5.75e-08,1.1871710070583764e-08,-1.7499999999999997e-07,9.682458365518542e-09,1.8420437019788642e-07,9.917052722584642e-09,-1.8882550620495278,0.0633885799935921
4701.972385570194,-6e-08,1.3038404810405294e-08,-2.0250000000000002e-07,8.272696053887147e-09,2.1120191760493087e-07,8.754097401301597e-09,-1.8588517738455224,0.06022763389249211
4710.785701420602,-6.499999999999999e-08,1.1779218989389747e-08,-1.7e-07,1.1937336386313322e-08,1.8200274723201294e-07,1.1917285685641994e-08,-1.9359977765830696,0.06483146263602119
4718.893062346135,-6.25e-08,1.494782592887674e-08,-2.0749999999999997e-07,1.0767427733679015e-08,2.1670832932769332e-07,1.1174933658316135e-08,-1.8633580931987441,0.0675824373984162
4726.351016003135,-6.749999999999999e-08,1.2386989141837492e-08,-1.9249999999999998e-07,7.310095758606723e-09,2.0399142138825347e-07,8.02413447072053e-09,-1.9080495151165553,0.058516406286144296
4733.211580527257,-7.249999999999998e-08,1.1976539567003482e-08,-1.8249999999999995e-07,1.3818013605435478e-08,1.9637336886655475e-07,1.3581716634590099e-08,-1.9489386421174981,0.062349872492856714
4739.522607352353,-8.249999999999999e-08,1.7056890103415682e-08,-1.8749999999999993e-07,1.053268721647045e-08,2.0484750425621488e-07,1.1837787396965875e-08,-1.9853032013796827,0.0789779499691793
4745.328114967218,-8.749999999999998e-08,1.3169567191065922e-08,-1.7499999999999997e-07,1.4361406616345067e-08,1.9565594803123157e-07,1.4131082761062575e-08,-2.0344439357957027,0.06857142857142857
4750.668595938119,-7.250000000000001e-08,1.3451301052314605e-08,-2.05e-07,7.826237921249262e-09,2.1744252114064535e-07,8.634560947883977e-09,-1.910726696264517,0.05954342382065458
4755.581299338512,-6.999999999999999e-08,1.2449899597988732e-08,-1.6249999999999998e-07,1.4086784586980806e-08,1.7693572279220494e-07,1.3843364394973151e-08,-1.9775433985208677,0.07189059415351723
4760.100490555882,-5.75e-08,1.2881673027988249e-08,-2.2e-07,8.215838362577489e-09,2.2739008333698286e-07,8.590365756997446e-09,-1.8264412520728321,0.05556528898505664
4764.25769028781,-6e-08,1.2041594578792295e-08,-1.9499999999999999e-07,7.826237921249262e-09,2.0402205763103163e-07,8.276064477953468e-09,-1.8692952583810758,0.05752800738593297
4768.081894394225,-4.2500000000000003e-08,1.2386989141837494e-08,-1.699999999999999e-07,1.4317821063276351e-08,1.752319890887505e-07,1.4211506315824011e-08,-1.815774989921761,0.07138434302132944
4771.599776139286,-6.25e-08,1.452368754827781e-08,-1.825e-07,1.1871710070583764e-08,1.9290541723860425e-07,1.217725344006745e-08,-1.9007434189414514,0.07396619236200072
4774.835872233498,-7.999999999999999e-08,9.617692030835674e-09,-1.8249999999999997e-07,1.1871710070583764e-08,1.9926427175989174e-07,1.1538204577954602e-08,-1.983925159073298,0.05026166948373395
4777.812753973672,-4.5e-08,1.1672617529928751e-08,-1.8749999999999998e-07,1.165922381636102e-08,1.928244019827366e-07,1.1659953673457326e-08,-1.80634130751576,0.06053117937720084
4780.55118467443,-9.249999999999996e-08,1.552216157627538e-08,-1.7999999999999997e-07,9.617692030835674e-09,2.0237650555338676e-07,1.1113521826540051e-08,-2.0454932098750715,0.0715935988945948
4783.070264489273,-4e-08,1.3964240043768941e-08,-2.05e-07,7.826237921249262e-09,2.088659857420542e-07,8.133599702842184e-09,-1.7634970854572822,0.06601112277100174
4785.387563631366,-6.500000000000001e-08,1.2298373876248843e-08,-1.8999999999999993e-07,6.708203932499368e-09,2.0081085628023195e-07,7.492143022365226e-09,-1.9004207342156396,0.05894669441077421
4787.519244923205,-6.999999999999999e-08,1.1937336386313322e-08,-1.8749999999999998e-07,1.1659223816361018e-08,2.0014057559625432e-07,1.169359984540088e-08,-1.9281050098029966,0.059476516532699565
4789.480176529933,-1e-07,8.660254037844384e-09,-2.05e-07,6.9821200218844704e-09,2.2808989455914086e-07,7.334551869696252e-09,-2.0246403283164067,0.03666918983751149
4791.284035662621,-6.999999999999999e-08,1.2942179105544784e-08,-1.7249999999999996e-07,1.2487493743742177e-08,1.861618919113146e-07,1.2552780812698441e-08,-1.9562901937242259,0.06918100175855131
4792.943403974816,-3.249999999999999e-08,1.0767427733679015e-08,-1.9749999999999996e-07,6.590713163232034e-09,2.001561890124809e-07,6.734164124719441e-09,-1.7338916190051374,0.05334982329246933
4794.469855317726,-9.749999999999999e-08,1.519662791542913e-08,-2.0999999999999997e-07,6.708203932499368e-09,2.3153023560649697e-07,8.830242171654944e-09,-2.0054665419441413,0.06076951230692668
4795.874036466148,-6.499999999999999e-08,1.3275918047351752e-08,-1.725e-07,1.5196627915429134e-08,1.8434003905825774e-07,1.497123990142874e-08,-1.9311542973196896,0.07339467802385459
4797.16574137816,-7.250000000000001e-08,1.1976539567003483e-08,-1.7249999999999996e-07,1.4350522638566162e-08,1.8711627401164226e-07,1.4019796371173952e-08,-1.9686706844120663,0.06606614661819847
4798.353979506547,-6.25e-08,1.0532687216470445e-08,-1.8000000000000002e-07,1.0839741694339398e-08,1.905419901229123e-07,1.0807124024368635e-08,-1.9049943710603998,0.055453142370022454
4799.447038638414,-5.2499999999999994e-08,1.2487493743742174e-08,-1.8499999999999998e-07,1.2298373876248843e-08,1.9230509613632186e-07,1.2312569354945021e-08,-1.8473102734123708,0.06486306182288613
4800.452542701289,-7.250000000000001e-08,1.1442792491345807e-08,-1.7749999999999994e-07,9.666307464590599e-09,1.9173549488814005e-07,9.939778503659027e-09,-1.9585664986702158,0.058445417285866705
4801.377504938906,-4.5e-08,1.1672617529928751e-08,-1.9499999999999996e-07,6.982120021884472e-09,2.0012496096189497e-07,7.292061252030924e-09,-1.7975951748487826,0.05737187161710579
4802.228376827549,-5.000000000000001e-08,1.1726039399558573e-08,-1.9249999999999998e-07,8.856494791959175e-09,1.98887531031988e-07,9.06478445362654e-09,-1.8249210763505308,0.058152345197192166
4803.011093074159,-5.75e-08,1.1333026956643136e-08,-1.724999999999999e-07,1.1442792491345808e-08,1.8183096545968172e-07,1.1431863365173675e-08,-1.892546881191539,0.06238789568025365
4803.731113010044,-6e-08,1.5652475842498528e-08,-1.9749999999999994e-07,1.1976539567003482e-08,2.0641281452468008e-07,1.232959802498954e-08,-1.8657333856437035,0.07449104805145773
4804.393458668918,-6e-08,1.2041594578792295e-08,-1.9749999999999996e-07,1.2978347352417407e-08,2.0641281452468008e-07,1.2901827651170266e-08,-1.8657333856437035,0.05873445901836586
4805.002749814849,-7.499999999999998e-08,1.2990381056766578e-08,-1.7999999999999994e-07,9.617692030835674e-09,1.9499999999999993e-07,1.0187226599954306e-08,-1.965587446494658,0.06435241854467634
4805.563236164441,-7e-08,1.387443692551161e-08,-1.8499999999999992e-07,1.1779218989389744e-08,1.9780040444852474e-07,1.206157657161663e-08,-1.932525568314829,0.06890626510084336
4806.078827027983,-9.249999999999999e-08,1.1871710070583766e-08,-1.7749999999999994e-07,1.1442792491345805e-08,2.0015618901248088e-07,1.1535736882792407e-08,-2.05120214337794,0.05886111516550527
4806.553118576316,-3e-08,1.08397416943394e-08,-1.8249999999999997e-07,1.0767427733679013e-08,1.8494931738181679e-07,1.0769336604828277e-08,-1.7337227856452693,0.05859900094295083
4806.9894189236,-6.749999999999999e-08,1.0767427733679011e-08,-1.7749999999999997e-07,1.297834735241741e-08,1.899012901483294e-07,1.2720239164500001e-08,-1.9341894602901273,0.05829953505655609
4807.390771200929,-5e-08,1.2747548783981963e-08,-2.1749999999999998e-07,7.310095758606723e-09,2.2317313906471807e-07,7.675404748935553e-09,-1.7967555444835375,0.056149176911270283
4807.759974781717,-8.249999999999998e-08,1.4694812009685595e-08,-1.725e-07,6.590713163232033e-09,1.9121323175972942e-07,8.691894986798818e-09,-2.0169018757383004,0.07090640737042135
4808.099604806925,-6.499999999999999e-08,1.1779218989389745e-08,-1.8249999999999995e-07,1.3358050007392545e-08,1.9372983766059366e-07,1.318975984540092e-08,-1.9129522118780768,0.06177345416534292
4808.412030146292,-4.5e-08,1.2196310917650468e-08,-1.9e-07,7.58287544405155e-09,1.952562418976664e-07,7.89599400401719e-09,-1.8033532685998057,0.061437059075900816
4808.699429920852,-6.749999999999999e-08,1.4694812009685595e-08,-1.7250000000000002e-07,1.560248377662992e-08,1.8523633552842704e-07,1.548502052487298e-08,-1.9437840485949576,0.07999802171402119
4808.963808701985,-7.499999999999998e-08,1.6393596310755e-08,-1.7749999999999994e-07,9.6663074645906e-09,1.926947067254313e-07,1.0954247073685849e-08,-1.9705774250376935,0.08076256172571204
4809.207010493011,-6.000000000000001e-08,1.3038404810405294e-08,-1.8999999999999998e-07,6.708203932499368e-09,1.9924858845171272e-07,7.505665366538693e-09,-1.876675198199749,0.06321866163547671
4809.430731590842,-5.250000000000001e-08,1.1976539567003482e-08,-1.6249999999999995e-07,1.4523687548277814e-08,1.707703135793806e-07,1.4302371783022661e-08,-1.8832878865294158,0.07167511627728941
4809.636532417405,-5.5e-08,1.4958275301651593e-08,-1.7249999999999996e-07,1.2978347352417408e-08,1.8105593058499903e-07,1.3173520668617117e-08,-1.8794471938717618,0.081669118410785
4809.825848403356,-5.5e-08,1.1124297730643491e-08,-1.8249999999999995e-07,1.0767427733679015e-08,1.906075811713689e-07,1.0797591475833643e-08,-1.8635094020188938,0.05820871427817821
4810.0,-6e-08,1.3964240043768941e-08,-1.7749999999999994e-07,1.0882899429839457e-08,1.8736661922551726e-07,1.1237823014396601e-08,-1.8967662654345423,0.07301319312684412
4814.0,-6e-08,1.3509256086106295e-08,-1.9749999999999994e-07,7.479137650825796e-09,2.0641281452468008e-07,8.162803048052239e-09,-1.8657333856437035,0.06350131117559714
4814.174151596644,-8.000000000000001e-08,1.4317821063276351e-08,-1.8499999999999998e-07,1.006230589874905e-08,2.0155644370746373e-07,1.0844105098375586e-08,-1.978945430549986,0.0681456150612129
4814.363467582595,-7.249999999999998e-08,1.3451301052314605e-08,-1.8249999999999997e-07,8.856494791959175e-09,1.9637336886655477e-07,9.61294605033299e-09,-1.9489386421174981,0.06580089179483405
4814.569268409158,-8e-08,1.387443692551161e-08,-1.9249999999999998e-07,8.120190884455856e-09,2.0846162716432969e-07,9.196571981699682e-09,-1.9646649375312581,0.06325202274528574
4814.792989506989,-6.75e-08,1.5919720474932968e-08,-1.9249999999999998e-07,1.288167302798825e-08,2.0399142138825347e-07,1.3248323658247474e-08,-1.9080495151165553,0.07655184077169458
4815.036191298015,-5.75e-08,1.469481200968559e-08,-1.8249999999999995e-07,9.536115561380324e-09,1.913439311815245e-07,1.011066181050976e-08,-1.876019460588818,0.07476368008219791
4815.300570079148,-8e-08,1.4317821063276354e-08,-1.9749999999999994e-07,8.272696053887147e-09,2.130874233736003e-07,9.364077716449023e-09,-1.955659974806559,0.06395999240239193
4815.587969853708,-6.25e-08,1.4947825928876744e-08,-1.9249999999999998e-07,1.0170422803403997e-08,2.0239194648009094e-07,1.0718250479792586e-08,-1.8847345401314377,0.07193970734502629
4815.900395193075,-5.749999999999999e-08,1.7056890103415682e-08,-1.7749999999999997e-07,1.1442792491345808e-08,1.8658108157045286e-07,1.2088556208368001e-08,-1.8840725077885683,0.0889987083677081
4816.240025218283,-6.750000000000002e-08,1.3358050007392545e-08,-1.9499999999999996e-07,6.9821200218844704e-09,2.0635224738296402e-07,7.913705441681632e-09,-1.9040406279065694,0.062166146454744144
4816.609228799071,-7.5e-08,1.0897247358851681e-08,-1.8999999999999995e-07,1.565247584249852e-08,2.0426698215815492e-07,1.509900916917903e-08,-1.9467572806662023,0.05704316469939798
4817.0105810764,-6.750000000000002e-08,1.2881673027988249e-08,-1.7749999999999994e-07,1.1976539567003483e-08,1.8990129014832939e-07,1.2094636041259665e-08,-1.9341894602901275,0.06724997296580805
4817.446881423684,-5.5e-08,1.4534441853748633e-08,-1.9e-07,1.5247950681976904e-08,1.9780040444852482e-07,1.519398001690122e-08,-1.8525681940682488,0.07376553326358798
4817.921172972017,-7.500000000000002e-08,1.436140661634507e-08,-1.7999999999999997e-07,1.8165902124584948e-08,1.9499999999999996e-07,1.7654851655628502e-08,-1.9655874464946583,0.07684717845671857
4818.436763835559,-7.750000000000001e-08,1.9517620244281828e-08,-2.0250000000000002e-07,1.560248377662992e-08,2.168236610704653e-07,1.615562762759399e-08,-1.9363145329867932,0.08791607222553488
4818.997250185151,-4e-08,1.1510864433221336e-08,-1.825e-07,8.856494791959173e-09,1.868321439153338e-07,8.99530801300772e-09,-1.7865625232019389,0.061031875083584576
4819.606541331082,-5.5e-08,1.2196310917650466e-08,-1.9249999999999998e-07,7.310095758606723e-09,2.0020302195521423e-07,7.786584374834392e-09,-1.849095985800008,0.05942845484223737
4820.268886989956,-6e-08,1.3038404810405296e-08,-1.5999999999999992e-07,1.3509256086106292e-08,1.7088007490635054e-07,1.3452096643631019e-08,-1.929566997065469,0.07664655937966235
4820.988906925841,-7.249999999999998e-08,1.1976539567003483e-08,-1.7499999999999994e-07,1.14564392373896e-08,1.8942346739514607e-07,1.1534095057993414e-08,-1.963556992432218,0.06283155456095975
4821.771623172451,-7.499999999999998e-08,1.1456439237389599e-08,-1.7499999999999997e-07,1.1456439237389599e-08,1.9039432764659766e-07,1.14564392373896e-08,-1.97568811307998,0.06017216678143155
4822.622495061094,-4.5000000000000006e-08,1.3181426326464068e-08,-2.05e-07,7.826237921249264e-09,2.0988091861815357e-07,8.149949687525321e-09,-1.7868812990916831,0.061862562342191785
4823.547457298711,-6.250000000000001e-08,1.2183492931011202e-08,-1.8749999999999998e-07,7.806247497997996e-09,1.976423537605237e-07,8.347903928532e-09,-1.892546881191539,0.059799665550904206
4824.552961361586,-5.75e-08,1.4263151825595908e-08,-1.8999999999999998e-07,1.036822067666386e-08,1.9851007531105316e-07,1.0749386774092396e-08,-1.8646656618273643,0.07041522868613483
4825.646020493453,-4.5e-08,1.2698425099200295e-08,-1.6499999999999998e-07,1.1236102527122116e-08,1.7102631376487068e-07,1.134341557570192e-08,-1.837048375945822,0.07368839987497439
4826.83425862184,-8.249999999999999e-08,1.1871710070583766e-08,-1.7999999999999997e-07,1.02469507659596e-08,1.9800568173666126e-07,1.054698019568666e-08,-2.000558605891585,0.05861436491982219
4828.125963533852,-1e-07,1.0606601717798213e-08,-1.9499999999999996e-07,1.1124297730643493e-08,2.191460700081112e-07,1.1018505800137925e-08,-2.044647663289657,0.04890099420671894
4829.530144682274,-7.75e-08,1.3908181045701123e-08,-1.9999999999999994e-07,9.999999999999999e-09,2.1449067578801643e-07,1.0592381125245583e-08,-1.9404806155901981,0.06276497579547033
4831.056596025184,-5.499999999999998e-08,1.3181426326464065e-08,-2.0499999999999994e-07,7.826237921249262e-09,2.1224985276791118e-07,8.294824081816301e-09,-1.8329161680603694,0.06073831598665716
4832.715964337379,-8.5e-08,1.585086748414735e-08,-1.8499999999999998e-07,1.0665364503850768e-08,2.035927307150233e-07,1.173529416210646e-08,-2.0014888381814044,0.07404932189474721
4834.519823470067,-8.5e-08,1.1236102527122114e-08,-1.775e-07,1.3451301052314602e-08,1.9680256604018148e-07,1.3066598302749724e-08,-2.0174001318007053,0.05935515102384269
4836.480755076795,-6.25e-08,1.4523687548277807e-08,-2.0999999999999997e-07,7.582875444051549e-09,2.1910328614605485e-07,8.365712763749838e-09,-1.8600673324040384,0.0642953006915591
4838.612436368634,-5.75e-08,1.4263151825595908e-08,-1.8749999999999998e-07,1.4086784586980806e-08,1.9611858657455186e-07,1.4102031830731202e-08,-1.8683580515327025,0.07265031453934713
4840.929735510727,-6.000000000000001e-08,1.2041594578792295e-08,-1.9249999999999993e-07,1.1333026956643136e-08,2.0163395051429204e-07,1.1397546410583241e-08,-1.8729415503343343,0.05941729566361879
4843.44881532557,-8.999999999999999e-08,9.746794344808965e-09,-1.8749999999999998e-07,1.1110243021644484e-08,2.079813693579307e-07,1.0867953002784894e-08,-2.0183163019520665,0.04815932175927577
4846.187246026328,-4.75e-08,1.1442792491345807e-08,-2.0249999999999997e-07,8.272696053887147e-09,2.0799639419951488e-07,8.467410159932434e-09,-1.8011987628537582,0.054325304613731355
4849.164127766502,-5.5e-08,1.3647344063956177e-08,-1.7499999999999997e-07,1.3462912017836257e-08,1.8343936327844138e-07,1.3479594947199437e-08,-1.8753072099970092,0.07430720540045907
4852.400223860714,-7e-08,1.3416407864998736e-08,-1.7749999999999994e-07,7.479137650825796e-09,1.908042190309218e-07,8.522637741758898e-09,-1.946436562267962,0.06697426749157119
4855.918105605775,-7.250000000000001e-08,1.5196627915429134e-08,-1.9499999999999999e-07,1.3181426326464065e-08,2.0804146221366548e-07,1.3442287053453248e-08,-1.926754064962882,0.07193939186290325
4859.74230971219,-7e-08,1.2942179105544784e-08,-1.824999999999999e-07,1.1333026956643135e-08,1.9546419109391868e-07,1.155193988679153e-08,-1.9370518872256737,0.06521482899271046
4863.899509444118,-6.5e-08,1.2796483892069728e-08,-1.7249999999999996e-07,1.2978347352417408e-08,1.8434003905825774e-07,1.2955874643858774e-08,-1.9311542973196898,0.06954124610399427
4868.418700661488,-7.499999999999997e-08,1.436140661634507e-08,-1.9499999999999996e-07,7.826237921249264e-09,2.0892582415776174e-07,8.940669270826947e-09,-1.9379701606131157,0.06555157339153021
4873.331404061881,-4.5000000000000006e-08,1.1672617529928751e-08,-1.7999999999999997e-07,1.1937336386313323e-08,1.855397531527947e-07,1.192192740043222e-08,-1.8157749899217608,0.06299650070599473
4878.671885032782,-7e-08,1.2449899597988732e-08,-1.775e-07,1.2978347352417408e-08,1.9080421903092186e-07,1.2908482339493395e-08,-1.946436562267962,0.06562917464742835
4884.477392647647,-7.250000000000001e-08,1.1442792491345807e-08,-1.8499999999999998e-07,1.3275918047351754e-08,1.9869889280013612e-07,1.3046739794503227e-08,-1.944293472901374,0.058900286701775835
4890.788419472743,-6.25e-08,1.363589014329464e-08,-1.9249999999999998e-07,1.1333026956643138e-08,2.0239194648009094e-07,1.157241516044566e-08,-1.8847345401314377,0.06637282136103267
4897.648983996865,-6.250000000000001e-08,1.452368754827781e-08,-1.6749999999999996e-07,1.1871710070583766e-08,1.787805917878112e-07,1.2226710399929918e-08,-1.9279303373156902,0.07957307924687193
4905.106937653865,-5.75e-08,1.1333026956643136e-08,-1.9249999999999993e-07,8.856494791959175e-09,2.0090420602864434e-07,9.084778217529084e-09,-1.8610612267239408,0.05550339572352842
4913.214298579398,-7.249999999999998e-08,1.1976539567003483e-08,-1.7499999999999994e-07,1.5206906325745547e-08,1.8942346739514607e-07,1.4777900153808421e-08,-1.963556992432218,0.06600051559690909
4922.027614429806,-8.75e-08,1.452368754827781e-08,-1.8749999999999995e-07,1.2183492931011204e-08,2.0691181696558555e-07,1.2633863514351819e-08,-2.007423486608438,0.06830767537866803
4931.608356793753,-7.75e-08,1.2978347352417408e-08,-1.9499999999999996e-07,1.2698425099200295e-08,2.098362456774329e-07,1.273697131401657e-08,-1.9490903181363564,0.06166961340719061
4942.023349947559,-4.499999999999999e-08,1.269842509920029e-08,-1.8999999999999995e-07,6.708203932499368e-09,1.952562418976663e-07,7.1536417413744185e-09,-1.8033532685998057,0.06377736066509022
4953.345236944751,-4.499999999999999e-08,1.1672617529928748e-08,-1.9499999999999996e-07,6.9821200218844704e-09,2.0012496096189494e-07,7.292061252030922e-09,-1.7975951748487824,0.05737187161710578
4965.6529862907355,-5e-08,1.2747548783981961e-08,-2e-07,1.1180339887498949e-08,2.0615528128088303e-07,1.1278558522831771e-08,-1.8157749899217608,0.06141356769947382
4979.03244273657,-6.499999999999999e-08,1.5041608956491323e-08,-1.8999999999999993e-07,1.1510864433221335e-08,2.0081085628023195e-07,1.1929900906875173e-08,-1.9004207342156394,0.07326035142686374
4993.576926033541,-5.999999999999998e-08,1.3509256086106295e-08,-1.8999999999999995e-07,5.70087712549569e-09,1.992485884517127e-07,6.789846472001419e-09,-1.8766751981997487,0.06522543447100011
5009.387881824777,-7.75e-08,1.0882899429839459e-08,-1.949999999999999e-07,1.3181426326464068e-08,2.0983624567743285e-07,1.2892047479690525e-08,-1.9490903181363564,0.05349027078017981
5026.5755892137695,-8.750000000000001e-08,1.1110243021644487e-08,-1.7749999999999994e-07,1.3451301052314602e-08,1.9789517427163297e-07,1.3026752378452748e-08,-2.0287942783921187,0.058642744889134915
5045.259929944985,-4e-08,1.2041594578792295e-08,-1.7999999999999997e-07,1.244989959798873e-08,1.8439088914585772e-07,1.2430985953041128e-08,-1.7894652726688387,0.06541060092066706
5065.571224561491,-9.749999999999999e-08,1.3908181045701123e-08,-1.8999999999999998e-07,1.036822067666386e-08,2.1355619869252213e-07,1.1198793210474706e-08,-2.0449147573003996,0.06203784857186845
5087.651141371685,-9.5e-08,1.4534441853748633e-08,-1.8999999999999995e-07,7.58287544405155e-09,2.1242645786247999e-07,9.39414711402797e-09,-2.0344439357957027,0.0632455532033676
5111.653684565012,-6.749999999999999e-08,1.0767427733679013e-08,-1.9249999999999998e-07,1.0170422803403997e-08,2.0399142138825347e-07,1.0237487692325968e-08,-1.9080495151165553,0.05247124449578074
5137.746268368657,-5.5e-08,1.3647344063956177e-08,-1.725e-07,1.2978347352417408e-08,1.8105593058499906e-07,1.3041518634484748e-08,-1.8794471938717618,0.07504305300424982
5166.110884737289,-6.000000000000001e-08,1.3964240043768941e-08,-1.8499999999999992e-07,6.224949798994366e-09,1.9448650338776717e-07,7.322644125322513e-09,-1.884416979011595,0.06900843995890595
5196.945372720319,-6.25e-08,1.6153559979150104e-08,-1.825e-07,1.0170422803403996e-08,1.9290541723860425e-07,1.095310472072543e-08,-1.9007434189414514,0.08104200414221355
5230.464798360324,-5.5e-08,1.0547511554864489e-08,-1.9499999999999999e-07,7.826237921249264e-09,2.0260799589354807e-07,8.058196514089445e-09,-1.845706168275569,0.05118937849925976
5266.902954747228,-5.75e-08,1.3358050007392545e-08,-1.825e-07,1.1333026956643135e-08,1.9134393118152454e-07,1.1530511389292331e-08,-1.876019460588818,0.0689228062071628
5306.513992690907,-6.000000000000001e-08,1.3038404810405294e-08,-1.8749999999999995e-07,1.2686114456365273e-08,1.9686607122610026e-07,1.2719249180267059e-08,-1.880499271337353,0.06606564108412796
5349.574193385896,-7e-08,1.3416407864998736e-08,-1.7749999999999994e-07,5.5621488653217465e-09,1.908042190309218e-07,7.141439696882275e-09,-1.946436562267962,0.06628068064244093
5396.38389543231,-6.499999999999999e-08,1.3738631664034086e-08,-1.7499999999999994e-07,1.3462912017836257e-08,1.8668154702594462e-07,1.3496638616540068e-08,-1.9264322110956564,0.07341647203443749
5447.269589653633,-6.250000000000001e-08,1.4947825928876744e-08,-1.8999999999999995e-07,7.58287544405155e-09,2.0001562438969606e-07,8.585004506383732e-09,-1.8885943326047887,0.07197270701182579
5502.586196322451,-6e-08,1.2041594578792295e-08,-1.825e-07,1.288167302798825e-08,1.9210999453438125e-07,1.2802154623244469e-08,-1.8884316780844272,0.06312061746312159
5562.719540677423,-7.749999999999997e-08,1.1976539567003483e-08,-1.7999999999999994e-07,1.0246950765959599e-08,1.9597512597266007e-07,1.0536182283129695e-08,-1.977363153389438,0.05981830104325586
5628.089043997878,-6.25e-08,1.1659223816361016e-08,-1.9249999999999998e-07,8.120190884455857e-09,2.0239194648009094e-07,8.521315202836052e-09,-1.8847345401314377,0.056174927802481775
5699.15064900588,-2.75e-08,8.99652710772329e-09,-1.9499999999999996e-07,7.826237921249262e-09,1.9692955593307975e-07,7.85072698430605e-09,-1.7108980511915268,0.04557551000422706
5776.4,-7.75e-08,1.2487493743742177e-08,-1.9500000000000004e-07,7.826237921249262e-09,2.0983624567743299e-07,8.611980509950166e-09,-1.9490903181363561,0.05699277987890037
